move_type,mean_best_route_length,std_best_route_length,stderr_best_route_length,mean_improvement_over_medium_initial_tour
swap,12.497003502451822,0.06042793654445716,0.009554495689230464,0.27468916033126256
insert,12.462115417021305,8.472682124045023e-16,1.3396486701287772e-16,0.3095772457617804
two_opt,12.490627778024507,0.054127828429536985,0.008558361131807584,0.28106488475857927
