move_type,runs,mean_best_route_length,std_best_route_length,stderr_best_route_length,mean_gap_to_optimum,mean_percent_improvement_over_initial
swap,1000,22.828389105004806,0.3087388270332534,0.009763178955538465,0.051343570864229804,48.994526435257775
insert,1000,22.777045534140576,0.0,0.0,0.0,49.10924338415808
two_opt,1000,22.784641845467192,0.11999650751170025,0.0037946227500247685,0.007596311326615535,49.092270944500726
