move_type,runs,mean_best_route_length,std_best_route_length,stderr_best_route_length,mean_gap_to_optimum,mean_percent_improvement_over_initial
swap,100,23.47125254653818,1.0483516656405383,0.10483516656405382,0.6942070123976052,47.55817654118308
insert,100,23.19421547080219,0.8659830361117167,0.08659830361117167,0.4171699366616153,48.17716052546288
two_opt,100,23.053403492775438,0.6612222445164115,0.06612222445164115,0.27635795863486123,48.49177675132999
