initial_route_length,exact_optimum_route_length,initial_gap_to_optimum
44.75674375619373,22.777045534140576,21.979698222053152
