algorithm,mean_final_energy,std_final_energy,mean_final_energy_gap_to_global_minimum,mean_best_energy_gap_to_global_minimum,mean_best_energy,std_best_energy,mean_acceptance_rate,mean_uphill_accepted
simulated_annealing,-0.6657536688509075,1.6946492897171138e-06,1.116693368048242e-06,2.2407555604064822e-07,-0.6657545614687194,4.344687415097696e-07,0.16828125000000002,331.0
hill_climbing,0.2915515388585415,2.3302076784255017e-07,0.957306324402817,0.957306324402817,0.2915515388585415,2.3302076784255017e-07,0.0028437500000000004,0.0
