algorithm,mean_final_energy,std_final_energy,mean_final_energy_gap_to_global_minimum,mean_best_energy_gap_to_global_minimum,mean_best_energy,std_best_energy,mean_acceptance_rate,mean_uphill_accepted
simulated_annealing,-0.6657422086819832,1.7772896990128623e-05,1.2576862292311882e-05,2.0135723190669216e-07,-0.6657545841870436,2.7418028512734697e-07,0.2644666666666667,324.625
hill_climbing,0.2915515095171253,2.520472456958835e-07,0.9573062950614007,0.9573062950614007,0.2915515095171253,2.520472456958835e-07,0.004333333333333333,0.0
