cooling_rate,mean_best_energy,std_best_energy
0.98,-0.6657546204001413,1.6746668560409492e-07
0.985,-0.6656560902771635,0.0002541219760416133
0.99,-0.6657543865987521,4.849196059394621e-07
0.993,-0.6657544733632081,5.332290219010845e-07
0.995,-0.6657545487208246,3.0718074530875693e-07
0.997,-0.6657543489393067,8.03142753887298e-07
