initial_temperature,mean_best_energy,std_best_energy,stderr_best_energy,mean_best_energy_gap_to_global_minimum,stderr_best_energy_gap_to_global_minimum
0.8,-0.6657546335055369,2.5286287080272146e-07,3.264445624977126e-08,1.5203873865813714e-07,3.264445624977126e-08
1.2,-0.665754559473028,5.150363487494762e-07,6.649090671327322e-08,2.2607124745925116e-07,6.649090671327322e-08
2.0,-0.6657546383938058,4.380489134209606e-07,5.655187155012117e-08,1.471504696426429e-07,5.655187155012117e-08
3.5,-0.6657545929781375,3.178147759095827e-07,4.102971114254853e-08,1.9256613792428823e-07,4.102971114254853e-08
5.0,-0.6657546341984995,2.648098673338048e-07,3.418680686984072e-08,1.5134577605047106e-07,3.418680686984072e-08
7.0,-0.6657545993374432,3.1667470800381765e-07,4.0882529008796075e-08,1.8620683225149353e-07,4.0882529008796075e-08
