initial_temperature,mean_best_energy,std_best_energy,stderr_best_energy,mean_best_energy_gap_to_global_minimum,stderr_best_energy_gap_to_global_minimum
0.8,-0.6657542803974945,1.3218777707213481e-06,1.7065368639085225e-07,5.051467810472203e-07,1.7065368639085225e-07
1.2,-0.6657544190316208,1.057552052113029e-06,1.36529382852708e-07,3.66512654670359e-07,1.36529382852708e-07
2.0,-0.6657544497222455,6.055867860833904e-07,7.818091790614148e-08,3.3582202995837326e-07,7.818091790614148e-08
3.5,-0.665754344335042,8.983384080190783e-07,1.1597498978387911e-07,4.4120923342420383e-07,1.1597498978387911e-07
5.0,-0.6657543396485744,7.79622984075638e-07,1.006488944548492e-07,4.4589570094381393e-07,1.006488944548492e-07
7.0,-0.6657540683781726,1.8981379318652475e-06,2.4504855329728975e-07,7.171661028112138e-07,2.4504855329728975e-07
