initial_temperature,mean_best_energy,std_best_energy
0.8,-0.6657545078050912,3.6025959850179814e-07
1.2,-0.6657543851764091,7.863764554500201e-07
2.0,-0.6657542715543047,8.385554592499689e-07
3.5,-0.6657544779843368,4.431103887049208e-07
5.0,-0.6657541707701947,7.303096387944618e-07
7.0,-0.6657544203625325,5.226112015094678e-07
