initial_temperature,mean_best_energy,std_best_energy,stderr_best_energy,mean_best_energy_gap_to_global_minimum,stderr_best_energy_gap_to_global_minimum
0.8,-0.6657545078050912,3.6025959850179814e-07,1.0399798808657983e-07,2.77739184243823e-07,1.0399798808657983e-07
1.2,-0.6657543851764091,7.863764554500201e-07,2.2700732911922644e-07,4.003678663692482e-07,2.2700732911922644e-07
2.0,-0.6657542715543047,8.385554592499689e-07,2.420701100641999e-07,5.139899707610566e-07,2.420701100641999e-07
3.5,-0.6657544779843368,4.431103887049208e-07,1.2791495109975287e-07,3.075599386096843e-07,1.2791495109975287e-07
5.0,-0.6657541707701947,7.303096387944618e-07,2.1082223327488046e-07,6.147740807630845e-07,2.1082223327488046e-07
7.0,-0.6657544203625325,5.226112015094678e-07,1.508648589365025e-07,3.651817429469369e-07,1.508648589365025e-07
