schedule_label,c,k,mean_best_energy,std_best_energy,stderr_best_energy,mean_best_energy_gap_to_global_minimum,mean_acceptance_rate
"log c=3.5, k=e",3.5,2.718281828459045,-0.6657541723195034,1.2825701853534793e-06,1.655790989405395e-07,6.132247721539012e-07,0.76688
"log c=7.0, k=e",7.0,2.718281828459045,-0.6657539476412958,1.546678312118714e-06,1.9967531149253254e-07,8.379029796519907e-07,0.8615533333333333
"log c=14.0, k=e",14.0,2.718281828459045,-0.6657504534347837,6.8762114900764255e-06,8.877150862022027e-07,4.332109491865059e-06,0.9102399999999999
