step_size,mean_best_energy,std_best_energy,stderr_best_energy,mean_best_energy_gap_to_global_minimum,stderr_best_energy_gap_to_global_minimum
0.15,-0.38081256816044534,0.4157958246209462,0.12002991563641287,0.28494221738383013,0.12002991563641287
0.3,-0.665754684116412,1.0549471996541632e-07,3.045370248505865e-08,1.0142786346922783e-07,3.045370248505865e-08
0.45,-0.6657546276345582,1.865113603797638e-07,5.384119206108997e-08,1.5790971733912565e-07,5.384119206108997e-08
0.6,-0.6657540539220043,1.4117227042371095e-06,4.075292416562008e-07,7.316222711828413e-07,4.075292416562008e-07
0.9,-0.6657542107846094,8.106659099985829e-07,2.3401909068026741e-07,5.747596661017281e-07,2.3401909068026741e-07
1.2,-0.6657520116484358,3.263600737079288e-06,9.42120382040094e-07,2.7738958397101796e-06,9.42120382040094e-07
