step_size,mean_best_energy,std_best_energy
0.15,-0.38081256816044534,0.4157958246209462
0.3,-0.665754684116412,1.0549471996541632e-07
0.45,-0.6657546276345582,1.865113603797638e-07
0.6,-0.6657540539220043,1.4117227042371095e-06
0.9,-0.6657542107846094,8.106659099985829e-07
1.2,-0.6657520116484358,3.263600737079288e-06
