step_size,mean_best_energy,std_best_energy,stderr_best_energy,mean_best_energy_gap_to_global_minimum,stderr_best_energy_gap_to_global_minimum
0.15,-0.3620715258347763,0.42648727056562685,0.05505926987567098,0.3036832597094991,0.05505926987567098
0.3,-0.6657507733940747,2.9863357142601952e-05,3.855342829171389e-06,4.012150200792078e-06,3.855342829171389e-06
0.45,-0.6497995067389031,0.12255344804871583,0.015821582110432407,0.01595527880537238,0.01582158211043241
0.6,-0.6657542947460765,1.091919455164409e-06,1.4096619550838773e-07,4.907981989525171e-07,1.4096619550838773e-07
0.9,-0.6657540088204773,1.250209798750769e-06,1.6140139099423514e-07,7.767237981237685e-07,1.6140139099423514e-07
1.2,-0.6657523772390043,3.4411193609632805e-06,4.4424659924408977e-07,2.4083052712379574e-06,4.4424659924408977e-07
