step_size,mean_best_energy,std_best_energy,stderr_best_energy,mean_best_energy_gap_to_global_minimum,stderr_best_energy_gap_to_global_minimum
0.15,-0.2648697537152232,0.4623206845918765,0.05968534373438498,0.4008850318290523,0.05968534373438498
0.3,-0.6657546344350234,9.230474716047827e-07,1.1916491617613956e-07,1.5110925206303822e-07,1.1916491617613956e-07
0.45,-0.6657546831742042,2.1717598754306304e-07,2.8037299431681085e-08,1.0237007136241575e-07,2.8037299431681085e-08
0.6,-0.6657545898913868,2.974406847823232e-07,3.8399427288215585e-08,1.9565288872554672e-07,3.8399427288215585e-08
0.9,-0.6657545287458781,4.5957549904313343e-07,5.933094180396728e-08,2.567983974077759e-07,5.933094180396728e-08
1.2,-0.665753887310422,1.6537350470633942e-06,2.134962765438688e-07,8.982338535264607e-07,2.134962765438688e-07
