temperature_band,x_position,mean_uphill_fraction,stderr_uphill_fraction
high,0,0.805493136419848,0.01135855253877136
mid,1,0.6787166588011759,0.009817814745150645
low,2,0.07589654431518297,0.001078592961425097
