temperature_band,x_position,mean_uphill_fraction,stderr_uphill_fraction
high,0,0.8522693886852477,0.010219754135157778
mid,1,0.6952969172609147,0.014263251012193123
low,2,0.0433078970603518,0.0005695837607926384
