sweeps,mean_noisy_accuracy,mean_fixed_gibbs_accuracy,stderr_fixed_gibbs_accuracy,mean_annealed_accuracy,stderr_annealed_accuracy
5,0.7994140625,0.8555245535714285,0.0017933274513639839,0.8152622767857143,0.0015248651367670738
10,0.7994140625,0.8578125,0.002256769838603928,0.8346540178571429,0.0032811598399299217
20,0.7994140625,0.8547154017857143,0.0029574247658925115,0.8587053571428571,0.001691225721059349
40,0.7994140625,0.853515625,0.0019252232142857003,0.8662946428571429,0.0013223209387358062
80,0.7994140625,0.8566127232142857,0.002625252610518272,0.8654296875,0.0023241953030029927
120,0.7994140625,0.8559988839285714,0.002724213249425288,0.8628069196428572,0.0012461669697316053
