threshold,mean_noisy_accuracy,mean_fixed_gibbs_accuracy,stderr_fixed_gibbs_accuracy,mean_annealed_accuracy,stderr_annealed_accuracy
86,0.7984933035714286,0.855078125,0.0026193521165743874,0.8645926339285714,0.0043641773409317155
106,0.7984933035714286,0.8542131696428572,0.0031791816725696333,0.8652622767857143,0.0037357927936722537
126,0.7984933035714286,0.8521205357142857,0.0029036631117740274,0.8628069196428572,0.003668076823786564
146,0.7984933035714286,0.8490234375,0.002768153864693674,0.8595703125,0.004342538949596053
166,0.7984933035714286,0.8556640625,0.004105522831397815,0.8642857142857143,0.004636568274695397
