example,noisy_accuracy,deterministic_accuracy,fixed_gibbs_accuracy,annealed_accuracy
square,0.8291015625,0.8994140625,0.9716796875,0.97265625
x_shape,0.794921875,0.8447265625,0.90625,0.9130859375
frame,0.818359375,0.869140625,0.919921875,0.927734375
plus,0.78515625,0.8515625,0.9365234375,0.951171875
disk,0.8037109375,0.8740234375,0.9423828125,0.9638671875
stripes_limitation,0.81640625,0.83203125,0.822265625,0.8125
